{
    "Java": {
        "solution2": 0.7002320885658264,
        "solution3": 0.5265387296676636,
        "solution4": 0.7112410068511963,
        "solution1": 0.686651349067688
    }
}