{
    "Java": {
        "solution2": 0.7112862467765808,
        "solution3": 0.5265387296676636,
        "solution4": 0.519065797328949,
        "solution5": 0.599812924861908,
        "solution1": 0.686651349067688
    }
}