{
    "Java": {
        "solution2": 0.6799599528312683,
        "solution3": 0.8475838303565979,
        "solution4": 0.8873547315597534,
        "solution8": 0.8003458082675934,
        "solution9": 0.588617816567421,
        "solution5": 0.795080304145813,
        "solution6": 0.7830783128738403,
        "solution10": 0.7196618914604187,
        "solution7": 0.5781764984130859,
        "solution1": 0.8179498314857483
    }
}