{
    "Java": {
        "solution2": 0.7743568420410156,
        "solution3": 0.8988919854164124,
        "solution5": 0.7324399948120117,
        "solution7": 0.7568370401859283,
        "solution1": 0.7332890033721924
    }
}