{
    "Java": {
        "solution2": 0.7002649903297424,
        "solution3": 0.8112338781356812,
        "solution4": 0.5293225646018982,
        "solution8": 0.8125407695770264,
        "solution5": 0.8322309851646423,
        "solution6": 0.7696428298950195,
        "solution7": 0.6630682647228241,
        "solution1": 0.7953728437423706
    }
}