{
    "Java": {
        "solution2": 0.8350509405136108,
        "solution3": 0.6989688277244568,
        "solution4": 0.4895293712615967,
        "solution5": 0.7102296352386475,
        "solution6": 0.74384605884552,
        "solution10": 0.42005619406700134,
        "solution7": 0.7621791958808899,
        "solution1": 0.8522348999977112
    }
}