{
    "Java": {
        "solution2": 0.5416634678840637,
        "solution3": 0.4609695374965668,
        "solution4": 0.28133073449134827,
        "solution5": 0.2548482418060303,
        "solution1": 0.3455885946750641
    }
}