{
    "Java": {
        "solution2": 0.39521360397338867,
        "solution3": 0.34579670429229736,
        "solution4": 0.36955955624580383,
        "solution8": 0.4628998339176178,
        "solution9": 0.46093273162841797,
        "solution5": 0.3857842683792114,
        "solution6": 0.42441242933273315,
        "solution10": 0.4361821115016937,
        "solution7": 0.45529139041900635,
        "solution1": 0.11386888474225998
    }
}