{
    "Java": {
        "solution2": 0.39338186383247375,
        "solution3": 0.7403822541236877,
        "solution4": 0.3165290355682373,
        "solution1": 0.6925515532493591
    }
}