{
    "Java": {
        "solution2": 0.9082939624786377,
        "solution3": 0.7485321164131165,
        "solution1": 0.7780688405036926
    }
}