{
    "Java": {
        "solution2": 0.45185673236846924,
        "solution3": 0.3630962073802948,
        "solution4": 0.45410633087158203,
        "solution8": 0.38782864809036255,
        "solution9": 0.37791943550109863,
        "solution5": 0.3703974485397339,
        "solution6": 0.35960012674331665,
        "solution10": 0.3724237084388733,
        "solution7": 0.3585328161716461,
        "solution1": 0.5094665884971619
    }
}