{
    "Java": {
        "solution2": 0.4821200966835022,
        "solution3": 0.6751563549041748,
        "solution5": 0.17603446543216705,
        "solution1": 0.8347083330154419
    }
}