{
    "Java": {
        "solution2": 0.8322849273681641,
        "solution3": 0.8098204135894775,
        "solution4": 0.8335933685302734,
        "solution9": 0.7169970870018005,
        "solution6": 0.6827704906463623,
        "solution7": 0.5778165757656097,
        "solution1": 0.6892304420471191
    }
}