{
    "Java": {
        "solution2": 0.6557585000991821,
        "solution4": 0.7985332608222961,
        "solution8": 0.8733049631118774,
        "solution5": 0.8632084131240845,
        "solution6": 0.8531480431556702,
        "solution1": 0.8768483400344849
    }
}