{
    "Java": {
        "solution2": 0.8792099356651306,
        "solution3": 0.8981791138648987,
        "solution4": 0.967357873916626,
        "solution5": 0.850648045539856,
        "solution1": 0.905454695224762
    }
}