{
    "Java": {
        "solution2": 0.26966235041618347,
        "solution3": 0.5380552411079407,
        "solution4": 0.3936166763305664,
        "solution5": 0.4527791738510132,
        "solution7": 0.5602676868438721,
        "solution1": 0.5310125946998596
    }
}