{
    "Java": {
        "solution2": 0.4662083685398102,
        "solution3": 0.626988410949707,
        "solution4": 0.5960662961006165,
        "solution8": 0.5536438226699829,
        "solution9": 0.5435440540313721,
        "solution5": 0.4475560188293457,
        "solution6": 0.4475560188293457,
        "solution10": 0.538200855255127,
        "solution7": 0.34868061542510986,
        "solution1": 0.6090215444564819
    }
}