{
    "Java": {
        "solution2": 0.7559736371040344,
        "solution3": 0.7026528716087341,
        "solution4": 0.7333070337772369,
        "solution8": 0.6715741753578186,
        "solution9": 0.7963978052139282,
        "solution5": 0.7427482008934021,
        "solution6": 0.6936270594596863,
        "solution10": 0.7760836482048035,
        "solution7": 0.49501726031303406,
        "solution1": 0.6524953246116638
    }
}