{
    "Java": {
        "solution2": 0.5087910890579224,
        "solution1": 0.6439766883850098
    }
}