{
    "Java": {
        "solution2": 0.5274673104286194,
        "solution3": 0.44516319036483765,
        "solution4": 0.5123560428619385,
        "solution8": 0.5199092030525208,
        "solution9": 0.6416984796524048,
        "solution5": 0.39421388506889343,
        "solution6": 0.6126308441162109,
        "solution7": 0.39041292667388916,
        "solution1": 0.6648985743522644
    }
}