{
    "Java": {
        "solution2": 0.8428136706352234,
        "solution3": 0.8725476264953613,
        "solution4": 0.8039999604225159,
        "solution8": 0.8538408875465393,
        "solution9": 0.8498025238513947,
        "solution6": 0.7734771966934204,
        "solution10": 0.8444742321968078,
        "solution7": 0.8475810885429382,
        "solution1": 0.910949170589447
    }
}