{
    "Java": {
        "solution2": 0.3630950152873993,
        "solution3": 0.29212090373039246,
        "solution5": 0.7184596955776215,
        "solution6": 0.6828740537166595,
        "solution10": 0.5170993208885193,
        "solution1": 0.8001663684844971
    }
}