{
    "Java": {
        "solution2": 0.34948495030403137,
        "solution3": 0.33259686827659607,
        "solution4": 0.38096100091934204,
        "solution5": 0.3345670998096466,
        "solution6": 0.531813383102417,
        "solution7": 0.41195568442344666,
        "solution1": 0.2813521921634674
    }
}