{
    "Java": {
        "solution2": 0.1870754510164261,
        "solution1": 0.15795445442199707
    }
}