{
    "Java": {
        "solution2": 0.632543683052063,
        "solution3": 0.6746330261230469,
        "solution4": 0.5498489141464233,
        "solution8": 0.7252890169620514,
        "solution5": 0.608132541179657,
        "solution6": 0.6179174780845642,
        "solution10": 0.5753807723522186,
        "solution1": 0.6894567012786865
    }
}