{
    "Java": {
        "solution2": 0.628878116607666,
        "solution3": 0.834465503692627,
        "solution4": 0.7900617122650146,
        "solution9": 0.4841245114803314,
        "solution5": 0.6093566417694092,
        "solution6": 0.9116507768630981,
        "solution10": 0.48150569200515747,
        "solution1": 0.901104211807251
    }
}