{
    "Java": {
        "solution3": 0.6396850645542145,
        "solution4": 0.5142729580402374,
        "solution5": 0.5335218012332916,
        "solution1": 0.5862241387367249
    }
}