{
    "Java": {
        "solution2": 0.6233334541320801,
        "solution3": 0.4413033127784729,
        "solution4": 0.547905683517456,
        "solution5": 0.55563884973526,
        "solution1": 0.5924543142318726
    }
}