{
    "Java": {
        "solution2": 0.6849591135978699,
        "solution3": 0.674197793006897,
        "solution4": 0.6140960454940796,
        "solution5": 0.6885719299316406,
        "solution6": 0.5535268783569336,
        "solution7": 0.6730118989944458,
        "solution1": 0.6972359418869019
    }
}