{
    "Java": {
        "solution2": 0.6849591135978699,
        "solution3": 0.39001399278640747,
        "solution4": 0.7997707724571228,
        "solution5": 0.49344826489686966,
        "solution6": 0.4173254370689392,
        "solution1": 0.7654048204421997
    }
}