{
    "Java": {
        "solution2": 0.15184317529201508,
        "solution1": 0.8141870200634003
    }
}