{
    "Java": {
        "solution2": 0.115670345723629,
        "solution3": 0.5559400767087936,
        "solution1": 0.5671946927905083
    }
}