{
    "Java": {
        "solution2": 0.439072385430336,
        "solution3": 0.6895711570978165,
        "solution4": 0.31337251514196396,
        "solution1": 0.31375765800476074
    }
}