{
    "Java": {
        "solution2": 0.7074360251426697,
        "solution3": 0.528096467256546,
        "solution4": 0.785833477973938,
        "solution5": 0.5784791111946106,
        "solution1": 0.6947480738162994
    }
}