{
    "Java": {
        "solution2": 0.4358479529619217,
        "solution1": 0.7221176624298096
    }
}