{
    "Java": {
        "solution2": 0.19127525389194489,
        "solution3": 0.22688177227973938,
        "solution4": 0.17475438117980957,
        "solution1": 0.313864141702652
    }
}