{
    "Java": {
        "solution2": 0.4190678894519806,
        "solution3": 0.2587321400642395,
        "solution1": 0.5383176803588867
    }
}