{
    "Java": {
        "solution2": 0.6804214119911194,
        "solution3": 0.5602548718452454,
        "solution4": 0.6559150815010071,
        "solution5": 0.7396401762962341,
        "solution6": 0.7914333343505859,
        "solution7": 0.8026812076568604,
        "solution1": 0.6168955564498901
    }
}