{
    "Java": {
        "solution2": 0.9315961599349976,
        "solution3": 0.5268397331237793,
        "solution4": 0.9078025221824646,
        "solution5": 0.9383784532546997,
        "solution6": 0.9198316931724548,
        "solution7": 0.6753336787223816,
        "solution1": 0.9014991521835327
    }
}