{
    "Java": {
        "solution2": 0.4078172445297241,
        "solution3": 0.5444190502166748,
        "solution4": 0.6339179873466492,
        "solution1": 0.2435213178396225
    }
}