{
    "Java": {
        "solution2": 0.5122535228729248,
        "solution3": 0.14603857696056366,
        "solution1": 0.3885149210691452
    }
}