{
    "Java": {
        "solution2": 0.4175105690956116,
        "solution3": 0.5480823665857315,
        "solution4": 0.7768741846084595,
        "solution5": 0.5890448689460754,
        "solution1": 0.7342519164085388
    }
}