{
    "Java": {
        "solution2": 0.61756831407547,
        "solution3": 0.7795333862304688,
        "solution4": 0.6467299461364746,
        "solution5": 0.7739576399326324,
        "solution1": 0.7443726658821106
    }
}