{
    "Java": {
        "solution2": 0.10226497799158096,
        "solution3": 0.24784237146377563,
        "solution1": 0.33286556601524353
    }
}