{
    "Java": {
        "solution2": 0.7869343757629395,
        "solution1": 0.8240896463394165
    }
}