{
    "Java": {
        "solution2": 0.36091065406799316,
        "solution1": 0.4554447531700134
    }
}