{
    "Java": {
        "solution2": 0.6580369472503662,
        "solution3": 0.6580369472503662,
        "solution1": 0.6335670053958893
    }
}