{
    "Java": {
        "solution2": 0.5843260884284973,
        "solution3": 0.751017689704895,
        "solution4": 0.5733233690261841,
        "solution5": 0.7558025121688843,
        "solution1": 0.770159125328064
    }
}