{
    "Java": {
        "solution2": 0.5144798159599304,
        "solution3": 0.8185604214668274,
        "solution4": 0.2960137128829956,
        "solution1": 0.7918200492858887
    }
}