{
    "Java": {
        "solution2": 0.5567803382873535,
        "solution3": 0.5033829361200333,
        "solution4": 0.4490608274936676,
        "solution1": 0.6430564373731613
    }
}