{
    "Java": {
        "solution2": 0.4568081796169281,
        "solution3": 0.4964332580566406,
        "solution4": 0.1406070590019226,
        "solution5": 0.7309597730636597,
        "solution6": 0.3445545434951782,
        "solution1": 0.6039783507585526
    }
}