{
    "Java": {
        "solution2": 0.4366105794906616,
        "solution3": 0.44963428378105164,
        "solution4": 0.26614701747894287,
        "solution5": 0.377503901720047,
        "solution6": 0.6230959892272949,
        "solution7": 0.25800400972366333,
        "solution1": 0.47074200212955475
    }
}