{
    "Java": {
        "solution2": 0.7059549689292908,
        "solution3": 0.6195999383926392,
        "solution4": 0.7816569209098816,
        "solution9": 0.8668923079967499,
        "solution5": 0.7639607191085815,
        "solution7": 0.5031566023826599,
        "solution1": 0.7966508865356445
    }
}