{
    "Java": {
        "solution2": 0.4684169590473175,
        "solution3": 0.40471941232681274,
        "solution4": 0.49742963910102844,
        "solution1": 0.7924039363861084
    }
}