{
    "Java": {
        "solution2": 0.3479358274489641,
        "solution1": 0.3125742096453905
    }
}