{
    "Java": {
        "solution2": 0.4334924817085266,
        "solution3": 0.7821870446205139,
        "solution4": 0.758025050163269,
        "solution1": 0.6940531432628632
    }
}