{
    "Java": {
        "solution2": 0.612322211265564,
        "solution3": 0.6243035793304443,
        "solution4": 0.7673221230506897,
        "solution1": 0.8288856148719788
    }
}