{
    "Java": {
        "solution2": 0.6728527545928955,
        "solution3": 0.5397716164588928,
        "solution1": 0.7735933661460876
    }
}