{
    "Java": {
        "solution2": 0.5244978070259094,
        "solution3": 0.2804933190345764,
        "solution4": 0.5874283313751221,
        "solution5": 0.33338767290115356,
        "solution6": 0.7452324628829956,
        "solution1": 0.3316132426261902
    }
}