{
    "Java": {
        "solution2": 0.33493945002555847,
        "solution3": 0.3162723779678345,
        "solution1": 0.767256110906601
    }
}