{
    "Java": {
        "solution2": 0.7397097945213318,
        "solution3": 0.5055771470069885,
        "solution4": 0.590330183506012,
        "solution8": 0.7883120477199554,
        "solution9": 0.4969654381275177,
        "solution5": 0.5161572098731995,
        "solution6": 0.5044499039649963,
        "solution10": 0.6051544547080994,
        "solution1": 0.6972359418869019
    }
}