{
    "Java": {
        "solution2": 0.7397097945213318,
        "solution3": 0.5295222401618958,
        "solution4": 0.7149478793144226,
        "solution8": 0.5253317952156067,
        "solution9": 0.41715237498283386,
        "solution5": 0.514050304889679,
        "solution6": 0.5395027995109558,
        "solution10": 0.6738841831684113,
        "solution7": 0.8427726626396179,
        "solution1": 0.6500809788703918
    }
}