{
    "Java": {
        "solution2": 0.7147579193115234,
        "solution3": 0.8334097266197205,
        "solution4": 0.5195444822311401,
        "solution8": 0.7697373628616333,
        "solution9": 0.6803380846977234,
        "solution5": 0.8541303873062134,
        "solution6": 0.6376911997795105,
        "solution10": 0.7485976219177246,
        "solution7": 0.6111186146736145,
        "solution1": 0.6498653292655945
    }
}