{
    "Java": {
        "solution2": 0.38812217116355896,
        "solution3": 0.6101342737674713,
        "solution4": 0.5140453577041626,
        "solution10": 0.1850321739912033,
        "solution7": 0.43692079186439514,
        "solution1": 0.5576978921890259
    }
}