{
    "Java": {
        "solution2": 0.39624856412410736,
        "solution3": 0.7414070963859558,
        "solution4": 0.19199752807617188,
        "solution8": 0.44488832354545593,
        "solution9": 0.43447305262088776,
        "solution5": 0.6986863911151886,
        "solution6": 0.5687561482191086,
        "solution10": 0.652548611164093,
        "solution7": 0.3765963762998581,
        "solution1": 0.5277252048254013
    }
}