{
    "Java": {
        "solution2": 0.703933835029602,
        "solution3": 0.6080400347709656,
        "solution4": 0.7859548926353455,
        "solution8": 0.655308187007904,
        "solution9": 0.6794984936714172,
        "solution5": 0.6534357964992523,
        "solution6": 0.693392813205719,
        "solution10": 0.6548634767532349,
        "solution7": 0.6561546921730042,
        "solution1": 0.6123656630516052
    }
}