{
    "Java": {
        "solution2": 0.7916321158409119,
        "solution3": 0.8012895584106445,
        "solution4": 0.6359984278678894,
        "solution8": 0.6744637489318848,
        "solution9": 0.6339490413665771,
        "solution5": 0.8476943373680115,
        "solution6": 0.7044240832328796,
        "solution7": 0.739467442035675,
        "solution1": 0.7295565903186798
    }
}