{
    "Java": {
        "solution2": 0.6711191634337107,
        "solution3": 0.6387626826763153,
        "solution4": 0.6329407890637716,
        "solution8": 0.36898626387119293,
        "solution9": 0.4016263037919998,
        "solution5": 0.4259609282016754,
        "solution6": 0.5547590255737305,
        "solution10": 0.6343324482440948,
        "solution1": 0.6309856176376343
    }
}