{
    "Java": {
        "solution2": 0.20765918493270874,
        "solution3": 0.10126162320375443,
        "solution4": 0.36808915436267853,
        "solution9": 0.32767031341791153,
        "solution5": 0.3444075286388397,
        "solution6": 0.3522588759660721,
        "solution10": 0.32825133949518204,
        "solution7": 0.3568686991930008,
        "solution1": 0.23732776939868927
    }
}