{
    "Java": {
        "solution2": 0.5094121098518372,
        "solution3": 0.5777915716171265,
        "solution4": 0.36973708868026733,
        "solution8": 0.7417762875556946,
        "solution9": 0.8015649616718292,
        "solution5": 0.30007776618003845,
        "solution6": 0.7080903649330139,
        "solution10": 0.5067417621612549,
        "solution7": 0.9684797525405884,
        "solution1": 0.45815882086753845
    }
}