{
    "Java": {
        "solution2": 0.7380284070968628,
        "solution3": 0.8412384390830994,
        "solution4": 0.2669789493083954,
        "solution8": 0.7209060192108154,
        "solution9": 0.8110054731369019,
        "solution5": 0.7835691571235657,
        "solution6": 0.9068383574485779,
        "solution10": 0.9014991521835327,
        "solution7": 0.23721444606781006,
        "solution1": 0.9014991521835327
    }
}