{
    "Java": {
        "solution2": 0.543994128704071,
        "solution3": 0.18569809198379517,
        "solution4": 0.10031965374946594,
        "solution8": 0.17791812121868134,
        "solution9": 0.11525816470384598,
        "solution5": 0.6811057925224304,
        "solution6": 0.6734210848808289,
        "solution10": 0.22297403216362,
        "solution7": 0.4617232382297516,
        "solution1": 0.697841465473175
    }
}