{
    "Java": {
        "solution2": 0.5884508788585663,
        "solution3": 0.7970477342605591,
        "solution4": 0.8178063035011292,
        "solution8": 0.4812355935573578,
        "solution9": 0.6701304316520691,
        "solution5": 0.616286888718605,
        "solution10": 0.5238499045372009,
        "solution7": 0.48269690573215485,
        "solution1": 0.7230221033096313
    }
}