{
    "Java": {
        "solution2": 0.8178903460502625,
        "solution3": 0.6221533268690109,
        "solution4": 0.1856474131345749,
        "solution8": 0.4811491370201111,
        "solution9": 0.5120901465415955,
        "solution5": 0.17189040780067444,
        "solution6": 0.6891136169433594,
        "solution10": 0.2651139795780182,
        "solution7": 0.4396530091762543,
        "solution1": 0.4496455192565918
    }
}