{
    "Java": {
        "solution2": 0.8608085513114929,
        "solution3": 0.8764333724975586,
        "solution4": 0.7379022538661957,
        "solution8": 0.6019468009471893,
        "solution9": 0.7640182971954346,
        "solution5": 0.6835180521011353,
        "solution6": 0.8191079795360565,
        "solution10": 0.8074538111686707,
        "solution7": 0.8970680236816406,
        "solution1": 0.600584864616394
    }
}