{
    "Java": {
        "solution2": 0.6284356713294983,
        "solution3": 0.711813434958458,
        "solution4": 0.5514799356460571,
        "solution8": 0.9643251299858093,
        "solution9": 0.9999999403953552,
        "solution5": 0.8968830704689026,
        "solution6": 0.8534119725227356,
        "solution10": 0.2301497906446457,
        "solution7": 0.9709315299987793,
        "solution1": 0.7847920656204224
    }
}