{
    "Java": {
        "solution2": 0.20533940196037292,
        "solution3": 0.15904122591018677,
        "solution4": 0.28304092586040497,
        "solution8": 0.36186277866363525,
        "solution9": 0.12310998141765594,
        "solution5": 0.2527604103088379,
        "solution6": 0.2586416080594063,
        "solution10": 0.15312129259109497,
        "solution7": 0.317254900932312,
        "solution1": 0.3643880784511566
    }
}