{
    "Java": {
        "solution2": 0.844150722026825,
        "solution3": 0.5769047737121582,
        "solution4": 0.5241906046867371,
        "solution8": 0.7242498695850372,
        "solution9": 0.723151445388794,
        "solution5": 0.9193609952926636,
        "solution6": 0.6990420520305634,
        "solution10": 0.47709599137306213,
        "solution7": 0.45054295659065247,
        "solution1": 0.6106269955635071
    }
}