{
    "Java": {
        "solution2": 0.025989927351474762,
        "solution3": 0.38843821734189987,
        "solution4": 0.4762638658285141,
        "solution5": 0.051579445600509644,
        "solution6": 0.09059159457683563,
        "solution10": 0.43663284182548523,
        "solution7": 0.5937103629112244,
        "solution1": 0.3800881803035736
    }
}