{
    "Java": {
        "solution2": 0.2827727496623993,
        "solution3": 0.3298645615577698,
        "solution4": 0.5480787754058838,
        "solution8": 0.7121183276176453,
        "solution9": 0.03382261469960213,
        "solution6": 0.2993941605091095,
        "solution7": 0.1577027142047882,
        "solution1": 0.6857481002807617
    }
}