{
    "Java": {
        "solution2": 0.5625835061073303,
        "solution3": 0.6309453845024109,
        "solution4": 0.6024840474128723,
        "solution8": 0.8933350741863251,
        "solution9": 0.5318424701690674,
        "solution5": 0.5898979902267456,
        "solution6": 0.4789831042289734,
        "solution10": 0.5295591950416565,
        "solution7": 0.7508726716041565,
        "solution1": 0.7054710388183594
    }
}