{
    "Java": {
        "solution2": 0.8065085411071777,
        "solution3": 0.8666685819625854,
        "solution4": 0.884058028459549,
        "solution1": 0.719268798828125
    }
}