{
    "Java": {
        "solution2": 0.7107200026512146,
        "solution3": 0.5164523273706436,
        "solution8": 0.49588701128959656,
        "solution9": 0.5629172325134277,
        "solution5": 0.6033585667610168,
        "solution6": 0.7453761100769043,
        "solution7": 0.7903248071670532,
        "solution1": 0.6484435349702835
    }
}