{
    "Java": {
        "solution2": 0.47946083545684814,
        "solution3": 0.6822778284549713,
        "solution4": 0.5168173909187317,
        "solution8": 0.19277234375476837,
        "solution9": 0.5776500701904297,
        "solution5": 0.6075206995010376,
        "solution6": 0.5158563256263733,
        "solution10": 0.587441086769104,
        "solution7": 0.3183954954147339,
        "solution1": 0.5272706151008606
    }
}