{
    "Java": {
        "solution2": 0.2278803437948227,
        "solution3": 0.20958931744098663,
        "solution4": 0.07227771729230881,
        "solution8": 0.04779234156012535,
        "solution9": 0.08391641080379486,
        "solution5": 0.06588538736104965,
        "solution6": 0.06889185309410095,
        "solution10": 0.11564639955759048,
        "solution7": 0.044341642409563065,
        "solution1": 0.10583485662937164
    }
}