{
    "Java": {
        "solution2": 0.6874356269836426,
        "solution3": 0.6167302131652832,
        "solution4": 0.8079830408096313,
        "solution9": 0.8107685446739197,
        "solution6": 0.6499691009521484,
        "solution10": 0.4146779775619507,
        "solution7": 0.6339415907859802,
        "solution1": 0.7883625626564026
    }
}