{
    "Java": {
        "solution2": 0.6203071475028992,
        "solution3": 0.5067980885505676,
        "solution4": 0.6128385066986084,
        "solution5": 0.802152693271637,
        "solution6": 0.7212782502174377,
        "solution1": 0.7698851227760315
    }
}