{
    "Java": {
        "solution2": 0.7190269827842712,
        "solution3": 0.3929293751716614,
        "solution4": 0.6164370179176331,
        "solution8": 0.6451998949050903,
        "solution9": 0.7407771944999695,
        "solution5": 0.5793960690498352,
        "solution6": 0.44328609108924866,
        "solution10": 0.537814199924469,
        "solution7": 0.7591787576675415,
        "solution1": 0.49405524134635925
    }
}