{
    "Java": {
        "solution2": 0.7853500247001648,
        "solution3": 0.38971182703971863,
        "solution4": 0.6516649027665457,
        "solution8": 0.5536043047904968,
        "solution9": 0.7515027523040771,
        "solution5": 0.5352303981781006,
        "solution6": 0.5984525084495544,
        "solution10": 0.5649991631507874,
        "solution7": 0.4453093111515045,
        "solution1": 0.6770639816919962
    }
}