{
    "Java": {
        "solution2": 0.5356593132019043,
        "solution3": 0.636681318283081,
        "solution4": 0.45287778973579407,
        "solution8": 0.2776199281215668,
        "solution5": 0.7211238145828247,
        "solution6": 0.7802276213963827,
        "solution10": 0.36818233132362366,
        "solution7": 0.44935765862464905,
        "solution1": 0.7532958388328552
    }
}