{
    "Java": {
        "solution2": 0.5994420051574707,
        "solution3": 0.856756180524826,
        "solution4": 0.7734628319740295,
        "solution8": 0.8119831085205078,
        "solution9": 0.6157365441322327,
        "solution5": 0.8984331488609314,
        "solution6": 0.5533864498138428,
        "solution7": 0.668060302734375,
        "solution1": 0.9016647934913635
    }
}