{
    "Java": {
        "solution2": 0.32040783762931824,
        "solution3": 0.698040246963501,
        "solution4": 0.2407619059085846,
        "solution8": 0.6879540681838989,
        "solution9": 0.7018634080886841,
        "solution5": 0.8183873891830444,
        "solution6": 0.46361905336380005,
        "solution10": 0.46902352571487427,
        "solution7": 0.12789179384708405,
        "solution1": 0.8709395825862885
    }
}