{
    "Java": {
        "solution2": 0.4150119125843048,
        "solution3": 0.4781035780906677,
        "solution4": 0.26043060421943665,
        "solution8": 0.4845588505268097,
        "solution9": 0.2664293944835663,
        "solution5": 0.3829287588596344,
        "solution6": 0.2601950764656067,
        "solution10": 0.3354516625404358,
        "solution7": 0.3047560751438141,
        "solution1": 0.2226361334323883
    }
}