{
    "Java": {
        "solution2": 0.7315598130226135,
        "solution3": 0.7858626246452332,
        "solution4": 0.2861211895942688,
        "solution8": 0.7296587228775024,
        "solution9": 0.7985661029815674,
        "solution5": 0.7380075454711914,
        "solution6": 0.4384855031967163,
        "solution10": 0.8488761186599731,
        "solution7": 0.577040414015452,
        "solution1": 0.7703490853309631
    }
}