{
    "Java": {
        "solution2": 0.36835163831710815,
        "solution3": 0.5312191843986511,
        "solution4": 0.7575510144233704,
        "solution8": 0.7659927010536194,
        "solution9": 0.5755450129508972,
        "solution5": 0.4744255244731903,
        "solution6": 0.6892033517360687,
        "solution10": 0.4175524115562439,
        "solution7": 0.5511801242828369,
        "solution1": 0.7630254626274109
    }
}