{
    "Java": {
        "solution2": 0.7752116918563843,
        "solution3": 0.8997860550880432,
        "solution4": 0.6329587697982788,
        "solution8": 0.4959205389022827,
        "solution9": 0.7955279648303986,
        "solution5": 0.6260877251625061,
        "solution6": 0.6836146712303162,
        "solution10": 0.7805817127227783,
        "solution7": 0.7515712976455688,
        "solution1": 0.6362304091453552
    }
}