{
    "Java": {
        "solution2": 0.47628992795944214,
        "solution3": 0.6733907163143158,
        "solution4": 0.4491291046142578,
        "solution8": 0.4521854817867279,
        "solution9": 0.5800716578960419,
        "solution5": 0.38148465752601624,
        "solution6": 0.5624105930328369,
        "solution10": 0.44517701864242554,
        "solution7": 0.6129559874534607,
        "solution1": 0.5992296934127808
    }
}