{
    "Java": {
        "solution2": 0.09291522204875946,
        "solution3": 0.3543166518211365,
        "solution4": 0.5004526972770691,
        "solution8": 0.3940935581922531,
        "solution9": 0.3940049409866333,
        "solution5": 0.15353724360466003,
        "solution6": 0.4328567534685135,
        "solution10": 0.22172847390174866,
        "solution7": 0.359766885638237,
        "solution1": 0.31825074553489685
    }
}