{
    "Java": {
        "solution2": 0.6069262474775314,
        "solution3": 0.6485474109649658,
        "solution4": 0.5696204304695129,
        "solution8": 0.515459418296814,
        "solution9": 0.5590422749519348,
        "solution5": 0.5921610295772552,
        "solution6": 0.5507634878158569,
        "solution10": 0.7880809307098389,
        "solution7": 0.48357632756233215,
        "solution1": 0.4354880750179291
    }
}