{
    "Java": {
        "solution2": 0.6015959978103638,
        "solution3": 0.808527410030365,
        "solution4": 0.8194998502731323,
        "solution8": 0.8600948452949524,
        "solution5": 0.8446381092071533,
        "solution6": 0.6385584473609924,
        "solution10": 0.6501176655292511,
        "solution7": 0.7971044182777405,
        "solution1": 0.6561315059661865
    }
}