{
    "Java": {
        "solution2": 0.5144311487674713,
        "solution3": 0.37859295308589935,
        "solution4": 0.6558341085910797,
        "solution8": 0.48311592638492584,
        "solution9": 0.23790816962718964,
        "solution5": 0.5637313822905222,
        "solution6": 0.4675762951374054,
        "solution10": 0.5514588356018066,
        "solution7": 0.5060373842716217,
        "solution1": 0.7171365916728973
    }
}