{
    "Java": {
        "solution2": 0.5303466022014618,
        "solution3": 0.18396659195423126,
        "solution4": 0.6054971814155579,
        "solution8": 0.30467483401298523,
        "solution9": 0.7453054785728455,
        "solution5": 0.6369634171326956,
        "solution6": 0.12206563353538513,
        "solution10": 0.6411554714043936,
        "solution7": 0.3093283995985985,
        "solution1": 0.6215700010458628
    }
}