{
    "Java": {
        "solution2": 0.9014991521835327,
        "solution3": 0.8877373337745667,
        "solution4": 0.9051285088062286,
        "solution8": 0.7605709731578827,
        "solution9": 0.8417312204837799,
        "solution5": 0.8065663278102875,
        "solution6": 0.6929609477519989,
        "solution10": 0.8777430057525635,
        "solution7": 0.8990786373615265,
        "solution1": 0.7751617431640625
    }
}