{
    "Java": {
        "solution2": 0.8561142086982727,
        "solution3": 0.8931570947170258,
        "solution4": 0.8568204343318939,
        "solution8": 0.8460467159748077,
        "solution9": 0.6892364621162415,
        "solution5": 0.9073735177516937,
        "solution6": 0.7335037291049957,
        "solution10": 0.44508909434080124,
        "solution7": 0.7728512585163116,
        "solution1": 0.8788858950138092
    }
}