{
    "Java": {
        "solution2": 0.46859216690063477,
        "solution3": 0.684112548828125,
        "solution4": 0.3527698814868927,
        "solution8": 0.699972927570343,
        "solution9": 0.19821913540363312,
        "solution5": 0.7021520733833313,
        "solution10": 0.7819671630859375,
        "solution1": 0.5859549641609192
    }
}