{
    "Java": {
        "solution2": 0.3781490921974182,
        "solution3": 0.5521816611289978,
        "solution4": 0.7403317093849182,
        "solution1": 0.5536115169525146,
        "solution8": 0.7673408687114716,
        "solution5": 0.5157600045204163,
        "solution6": 0.4875822961330414,
        "solution10": 0.5769310593605042,
        "solution7": 0.5201689600944519
    }
}