{
    "Java": {
        "solution2": 0.5452200174331665,
        "solution3": 0.25425985455513,
        "solution4": 0.4679345488548279,
        "solution8": 0.44998276233673096,
        "solution9": 0.5369965434074402,
        "solution5": 0.47276175022125244,
        "solution6": 0.6752763092517853,
        "solution10": 0.2884639799594879,
        "solution7": 0.16444359719753265,
        "solution1": 0.5059922933578491
    }
}