{
    "Java": {
        "solution2": 0.8358458876609802,
        "solution3": 0.7788020968437195,
        "solution4": 0.5182027816772461,
        "solution8": 0.668468713760376,
        "solution9": 0.8624899983406067,
        "solution5": 0.7682416141033173,
        "solution6": 0.7208672761917114,
        "solution10": 0.7149821519851685,
        "solution7": 0.7671957015991211,
        "solution1": 0.5956642031669617
    }
}