{
    "Java": {
        "solution2": 0.7067441940307617,
        "solution3": 0.786673903465271,
        "solution4": 0.8031997084617615,
        "solution8": 0.817255437374115,
        "solution9": 0.6735497713088989,
        "solution5": 0.8529305458068848,
        "solution6": 0.9552684426307678,
        "solution10": 0.8733961284160614,
        "solution7": 0.931041032075882,
        "solution1": 0.6529987454414368
    }
}