{
    "Java": {
        "solution2": 0.2958866357803345,
        "solution3": 0.42250286042690277,
        "solution4": 0.5254002809524536,
        "solution8": 0.18846440315246582,
        "solution9": 0.3605879545211792,
        "solution5": 0.6331475228071213,
        "solution6": 0.037683505564928055,
        "solution10": 0.22263801097869873,
        "solution7": 0.4222709834575653,
        "solution1": 0.36538079380989075
    }
}