{
    "Java": {
        "solution2": 0.5624333620071411,
        "solution3": 0.8657844662666321,
        "solution4": 0.6001654863357544,
        "solution8": 0.6379952132701874,
        "solution9": 0.3599748909473419,
        "solution5": 0.7363789677619934,
        "solution6": 0.8998043537139893,
        "solution10": 0.8707099556922913,
        "solution7": 0.5745171209176382,
        "solution1": 0.38495826721191406
    }
}