{
    "Java": {
        "solution2": 0.4660611003637314,
        "solution3": 0.16427366435527802,
        "solution1": 0.5651848912239075
    }
}