{
    "Java": {
        "solution1": 0.846213698387146,
        "solution2": 0.4192532002925873,
        "solution3": 0.35812053084373474,
        "solution4": 0.6326600909233093,
        "solution8": 0.1687081903219223,
        "solution9": 0.5847378373146057,
        "solution5": 0.45907270908355713,
        "solution6": 0.6393709182739258,
        "solution10": 0.3614082336425781,
        "solution7": 0.7278421521186829
    }
}