{
    "Java": {
        "solution2": 0.6258003115653992,
        "solution3": 0.46376854181289673,
        "solution4": 0.4872669279575348,
        "solution8": 0.8972084522247314,
        "solution9": 0.5742104649543762,
        "solution5": 0.6492771208286285,
        "solution6": 0.8499231934547424,
        "solution10": 0.46938952803611755,
        "solution7": 0.8367436528205872,
        "solution1": 0.7709761261940002
    }
}