{
    "Java": {
        "solution2": 0.6951197981834412,
        "solution3": 0.632282555103302,
        "solution4": 0.8293259739875793,
        "solution8": 0.4798034727573395,
        "solution9": 0.7165976365407308,
        "solution5": 0.8744196891784668,
        "solution6": 0.8319388031959534,
        "solution10": 0.29228516668081284,
        "solution7": 0.8775240778923035,
        "solution1": 0.38231366872787476
    }
}