{
    "Java": {
        "solution2": 0.4053085744380951,
        "solution3": 0.604465126991272,
        "solution4": 0.5771743059158325,
        "solution8": 0.4348454773426056,
        "solution9": 0.33603689074516296,
        "solution5": 0.7306419610977173,
        "solution6": 0.44025540351867676,
        "solution10": 0.2652762234210968,
        "solution7": 0.043964728713035583,
        "solution1": 0.3838886022567749
    }
}