{
    "Java": {
        "solution2": 0.8634748458862305,
        "solution3": 0.8937154412269592,
        "solution4": 0.7870873212814331,
        "solution8": 0.8878650665283203,
        "solution9": 0.8667730987071991,
        "solution5": 0.8529831767082214,
        "solution6": 0.7714412808418274,
        "solution10": 0.8230814337730408,
        "solution7": 0.8268399834632874,
        "solution1": 0.8237690329551697
    }
}