{
    "Java": {
        "solution2": 0.8180674910545349,
        "solution3": 0.8363184332847595,
        "solution4": 0.3709530010819435,
        "solution8": 0.7318326830863953,
        "solution9": 0.4308585152029991,
        "solution5": 0.7742565870285034,
        "solution6": 0.6265577524900436,
        "solution10": 0.5073987245559692,
        "solution7": 0.7609723806381226,
        "solution1": 0.6870750784873962
    }
}