{
    "Java": {
        "solution2": 0.31432774662971497,
        "solution3": 0.7230373620986938,
        "solution4": 0.1509866565465927,
        "solution8": 0.7084735631942749,
        "solution9": 0.4879761338233948,
        "solution5": 0.43216779828071594,
        "solution6": 0.2461923211812973,
        "solution10": 0.7926298578580221,
        "solution7": 0.8329467475414276,
        "solution1": 0.7731981575489044
    }
}