{
    "Java": {
        "solution2": 0.5158271193504333,
        "solution3": 0.4841309189796448,
        "solution4": 0.4332790672779083,
        "solution8": 0.5359563827514648,
        "solution9": 0.33063387870788574,
        "solution5": 0.45513442158699036,
        "solution6": 0.8621019124984741,
        "solution10": 0.388405978679657,
        "solution7": 0.461834579706192,
        "solution1": 0.4546308219432831
    }
}