{
    "Java": {
        "solution2": 0.5102335810661316,
        "solution3": 0.7644444108009338,
        "solution4": 0.6849405765533447,
        "solution8": 0.5983546376228333,
        "solution9": 0.7280118465423584,
        "solution5": 0.8261613845825195,
        "solution6": 0.3326658606529236,
        "solution10": 0.41151171922683716,
        "solution7": 0.7039698958396912,
        "solution1": 0.8293521404266357
    }
}