{
    "Java": {
        "solution2": 0.3500789701938629,
        "solution3": 0.21408775448799133,
        "solution4": 0.2576369047164917,
        "solution8": 0.9032670855522156,
        "solution9": 0.8750778635342916,
        "solution5": 0.8569186627864838,
        "solution6": 0.49544045329093933,
        "solution10": 0.31140103936195374,
        "solution7": 0.1454348862171173,
        "solution1": 0.4124094247817993
    }
}