{
    "Java": {
        "solution2": 0.531366765499115,
        "solution3": 0.608955591917038,
        "solution4": 0.3786413073539734,
        "solution8": 0.3990733027458191,
        "solution9": 0.43808798491954803,
        "solution5": 0.21112488210201263,
        "solution6": 0.11492107808589935,
        "solution10": 0.47101035714149475,
        "solution7": 0.33350130915641785,
        "solution1": 0.28312602639198303
    }
}